personID,date,deviceID,zoneID,gymID,specialNotes,serviceType
439,2025-02-17 13:32:49,473,7,196,Ordered replacement parts,Upgrade
669,2025-02-15 13:24:15,1033,6,271,Cleared dust accumulation,Urgent Repair
412,2024-08-29 13:12:06,103,8,178,Upgraded firmware,Maintenance
427,2025-02-27 09:55:36,341,5,35,Performed routine checkup,Urgent Repair
616,2025-02-05 12:31:05,475,5,144,Cleared dust accumulation,Upgrade
601,2024-08-22 17:34:45,781,3,148,Performed routine checkup,Maintenance
500,2024-05-30 15:22:01,1241,7,215,Replaced faulty part,Inspection
545,2024-05-11 03:55:29,349,7,370,Ordered replacement parts,Upgrade
698,2024-05-01 05:10:48,1139,9,189,Lubricated moving parts,Urgent Repair
667,2024-09-06 00:26:05,1443,7,52,Minor fix only,Replacement
593,2024-12-03 18:15:51,654,9,72,Cleared dust accumulation,Maintenance
438,2024-06-13 20:05:14,1023,10,37,Replaced faulty part,Upgrade
544,2024-11-14 06:04:23,1339,8,398,Adjusted alignment,Maintenance
659,2025-03-24 13:31:35,968,7,378,Lubricated moving parts,Maintenance
625,2025-02-26 14:17:20,754,8,238,Performed routine checkup,Replacement
690,2024-08-18 09:41:44,498,2,83,Detailed inspection completed,Urgent Repair
512,2024-09-15 07:54:23,1468,6,341,Adjusted alignment,Upgrade
645,2024-06-05 03:47:13,538,9,184,Ordered replacement parts,Urgent Repair
557,2024-10-24 09:17:07,460,2,48,Performed routine checkup,Replacement
610,2025-01-13 20:02:08,170,8,32,Found worn cable,Upgrade
450,2025-03-18 07:52:57,1085,6,187,Found worn cable,Maintenance
774,2024-05-14 00:23:44,592,1,324,Minor fix only,Replacement
700,2025-01-29 12:13:54,335,6,1,Adjusted alignment,Inspection
440,2024-07-01 04:05:47,1084,4,237,Adjusted alignment,Inspection
425,2024-12-16 19:05:46,769,9,62,Found worn cable,Upgrade
668,2024-08-22 22:52:57,1356,9,28,Replaced faulty part,Inspection
444,2024-08-16 00:39:07,163,1,158,Minor fix only,Replacement
610,2024-09-02 05:05:10,1172,8,229,Lubricated moving parts,Inspection
528,2024-08-23 08:14:15,1282,9,284,Found worn cable,Inspection
681,2025-02-02 18:51:39,975,7,85,Upgraded firmware,Upgrade
500,2024-05-13 04:14:42,884,5,212,Replaced faulty part,Urgent Repair
614,2024-12-22 05:08:00,16,8,105,Adjusted alignment,Replacement
565,2024-10-10 00:50:05,843,7,19,Lubricated moving parts,Upgrade
661,2024-11-09 19:41:43,1077,6,264,Replaced faulty part,Maintenance
708,2024-07-04 19:10:02,1267,7,265,Lubricated moving parts,Replacement
782,2024-08-02 21:23:30,1196,10,202,Replaced faulty part,Urgent Repair
548,2024-05-04 09:36:37,1257,8,23,Upgraded firmware,Inspection
578,2024-04-05 19:18:20,1256,8,23,Lubricated moving parts,Maintenance
412,2025-03-24 23:35:54,465,6,208,Replaced faulty part,Maintenance
760,2024-09-01 02:43:27,718,5,266,Ordered replacement parts,Replacement
753,2024-07-06 00:28:21,776,6,300,Replaced faulty part,Upgrade
619,2024-11-30 08:28:31,1303,2,87,Ordered replacement parts,Replacement
557,2024-10-04 08:39:37,1338,2,93,Performed routine checkup,Upgrade
782,2025-02-18 16:48:29,829,3,192,Minor fix only,Replacement
641,2024-10-05 01:12:42,263,1,52,Lubricated moving parts,Inspection
583,2024-08-25 14:32:18,1204,9,116,Cleared dust accumulation,Inspection
766,2024-05-11 17:10:57,1042,9,299,Cleared dust accumulation,Upgrade
416,2024-06-20 03:07:59,1381,7,279,Found worn cable,Inspection
545,2025-01-28 14:36:53,843,7,19,Adjusted alignment,Replacement
709,2024-12-12 16:19:33,745,5,105,Adjusted alignment,Replacement
515,2025-03-02 06:52:18,50,5,288,Minor fix only,Replacement
484,2025-01-18 03:21:38,346,5,299,Lubricated moving parts,Maintenance
444,2024-05-21 00:18:03,1431,4,149,Cleared dust accumulation,Replacement
403,2025-01-18 08:34:00,1006,8,301,Performed routine checkup,Urgent Repair
725,2024-10-26 02:35:58,834,9,327,Adjusted alignment,Upgrade
421,2024-12-14 01:17:39,1176,2,230,Upgraded firmware,Maintenance
479,2025-02-18 19:04:15,1198,2,185,Cleared dust accumulation,Maintenance
624,2024-10-23 18:12:26,1335,9,175,Upgraded firmware,Upgrade
450,2024-06-11 01:15:09,99,1,242,Detailed inspection completed,Inspection
648,2024-10-18 06:14:44,1279,3,139,Adjusted alignment,Replacement
422,2025-02-04 11:29:07,1313,10,255,Lubricated moving parts,Inspection
781,2025-02-25 02:46:44,1306,7,41,Minor fix only,Urgent Repair
441,2024-07-12 09:39:54,169,3,170,Detailed inspection completed,Urgent Repair
674,2024-12-19 02:11:26,1462,6,176,Ordered replacement parts,Urgent Repair
408,2025-02-28 17:54:59,813,4,137,Detailed inspection completed,Inspection
558,2025-01-10 02:48:20,924,7,77,Lubricated moving parts,Inspection
588,2024-08-05 00:28:40,587,10,312,Lubricated moving parts,Maintenance
794,2024-04-23 20:28:00,561,7,286,Adjusted alignment,Replacement
761,2025-01-31 22:17:33,759,10,247,Upgraded firmware,Urgent Repair
690,2024-09-14 03:10:56,1233,1,166,Replaced faulty part,Upgrade
458,2024-05-02 12:34:35,656,2,132,Lubricated moving parts,Replacement
468,2024-08-10 23:12:10,785,5,86,Lubricated moving parts,Maintenance
722,2024-08-22 13:49:39,797,6,5,Ordered replacement parts,Replacement
497,2024-07-02 00:42:26,240,5,15,Found worn cable,Urgent Repair
757,2024-11-11 16:58:33,707,1,29,Replaced faulty part,Urgent Repair
609,2024-09-24 11:00:17,465,6,208,Adjusted alignment,Urgent Repair
457,2024-09-15 23:50:56,264,3,253,Detailed inspection completed,Replacement
585,2025-01-25 14:15:48,1437,1,184,Adjusted alignment,Replacement
469,2025-01-28 01:38:24,1141,8,140,Adjusted alignment,Urgent Repair
592,2024-05-21 08:26:48,1223,6,335,Ordered replacement parts,Maintenance
481,2025-03-05 08:02:36,782,6,113,Adjusted alignment,Urgent Repair
530,2024-10-24 02:58:38,1239,10,32,Performed routine checkup,Upgrade
518,2024-08-17 14:53:04,248,1,152,Minor fix only,Urgent Repair
707,2024-07-25 04:43:51,494,3,206,Lubricated moving parts,Upgrade
479,2024-12-02 16:33:33,722,2,314,Replaced faulty part,Maintenance
797,2024-10-24 10:10:28,785,5,86,Upgraded firmware,Upgrade
449,2024-04-09 22:38:24,167,3,170,Minor fix only,Replacement
594,2024-07-10 03:36:08,675,2,232,Lubricated moving parts,Upgrade
690,2024-09-30 09:43:18,431,7,231,Ordered replacement parts,Replacement
798,2024-11-14 21:05:11,1028,5,165,Detailed inspection completed,Maintenance
780,2024-12-16 18:06:35,249,1,152,Detailed inspection completed,Upgrade
750,2024-09-08 15:49:05,491,3,102,Cleared dust accumulation,Urgent Repair
708,2025-01-17 15:03:02,183,2,280,Adjusted alignment,Upgrade
596,2024-10-16 07:13:25,1208,7,159,Cleared dust accumulation,Inspection
407,2024-09-22 05:46:49,1420,6,184,Lubricated moving parts,Replacement
720,2024-09-19 12:58:52,1279,3,139,Adjusted alignment,Maintenance
608,2024-07-09 17:36:07,369,9,39,Minor fix only,Replacement
474,2024-09-30 11:42:27,412,3,389,Cleared dust accumulation,Upgrade
628,2024-07-20 20:51:18,577,7,312,Adjusted alignment,Upgrade
764,2024-08-11 23:42:54,724,5,34,Upgraded firmware,Maintenance
650,2024-11-05 11:34:16,322,8,313,Minor fix only,Upgrade
635,2024-08-18 07:38:12,280,8,350,Upgraded firmware,Upgrade
601,2024-10-26 09:18:42,359,6,63,Minor fix only,Maintenance
635,2025-02-08 15:13:02,834,9,327,Upgraded firmware,Inspection
707,2024-10-26 16:09:50,330,7,92,Performed routine checkup,Maintenance
624,2024-10-31 08:06:35,537,3,75,Upgraded firmware,Maintenance
753,2024-08-28 02:08:12,1124,5,396,Ordered replacement parts,Maintenance
599,2025-01-13 06:46:01,683,10,321,Lubricated moving parts,Urgent Repair
692,2024-10-08 04:24:41,357,3,161,Detailed inspection completed,Replacement
442,2025-02-12 23:57:54,594,3,242,Cleared dust accumulation,Upgrade
790,2024-04-10 13:34:02,1231,1,166,Replaced faulty part,Urgent Repair
547,2025-03-05 22:24:11,377,5,214,Performed routine checkup,Inspection
450,2024-10-16 18:52:32,630,9,240,Detailed inspection completed,Upgrade
517,2024-11-04 07:46:32,384,8,280,Found worn cable,Replacement
516,2025-03-16 15:36:47,836,8,322,Replaced faulty part,Urgent Repair
615,2025-04-02 16:38:04,465,6,208,Lubricated moving parts,Replacement
530,2024-10-11 13:27:38,1119,6,26,Cleared dust accumulation,Inspection
761,2025-03-30 13:27:51,1044,1,216,Ordered replacement parts,Replacement
540,2024-12-04 10:16:33,36,10,308,Lubricated moving parts,Maintenance
429,2025-03-09 14:35:08,229,2,134,Upgraded firmware,Urgent Repair
795,2025-01-27 17:45:05,1340,8,398,Lubricated moving parts,Inspection
668,2025-02-26 02:41:36,1340,8,398,Detailed inspection completed,Urgent Repair
778,2024-05-30 11:25:19,295,5,328,Upgraded firmware,Upgrade
636,2024-09-09 00:41:35,357,3,161,Performed routine checkup,Maintenance
537,2025-02-04 12:10:49,634,8,228,Cleared dust accumulation,Maintenance
757,2025-01-25 00:29:32,932,8,204,Adjusted alignment,Replacement
527,2024-08-17 23:46:13,604,5,387,Detailed inspection completed,Upgrade
418,2024-10-03 02:42:55,1400,7,247,Performed routine checkup,Upgrade
592,2024-12-21 18:03:04,1011,10,315,Found worn cable,Replacement
646,2025-03-12 13:41:08,294,5,301,Cleared dust accumulation,Inspection
456,2024-10-08 09:52:03,158,3,211,Upgraded firmware,Inspection
704,2025-03-31 11:15:48,53,2,209,Minor fix only,Urgent Repair
461,2024-07-08 00:36:06,1318,6,153,Upgraded firmware,Urgent Repair
536,2024-08-26 21:28:20,864,8,283,Ordered replacement parts,Inspection
616,2024-12-11 01:34:53,1217,5,47,Replaced faulty part,Upgrade
565,2024-12-24 14:51:10,941,9,243,Minor fix only,Urgent Repair
686,2025-03-10 03:03:38,1288,7,399,Upgraded firmware,Maintenance
646,2024-04-17 17:06:30,493,3,206,Performed routine checkup,Maintenance
454,2024-10-20 10:11:46,19,8,194,Ordered replacement parts,Urgent Repair
767,2024-04-15 00:40:37,714,1,7,Minor fix only,Urgent Repair
577,2024-08-20 16:02:51,1149,6,330,Replaced faulty part,Inspection
699,2024-10-21 04:54:00,106,9,177,Cleared dust accumulation,Upgrade
746,2024-12-07 01:54:29,840,10,41,Performed routine checkup,Inspection
468,2025-03-16 23:45:18,564,2,188,Detailed inspection completed,Upgrade
748,2024-10-14 20:05:40,1140,9,189,Detailed inspection completed,Urgent Repair
781,2024-10-13 07:04:15,513,6,78,Ordered replacement parts,Maintenance
757,2025-03-10 08:12:30,1120,6,26,Minor fix only,Replacement
727,2024-05-20 00:25:56,85,3,248,Detailed inspection completed,Maintenance
623,2024-10-10 03:25:49,1404,5,136,Adjusted alignment,Upgrade
581,2024-12-24 01:40:53,160,1,212,Cleared dust accumulation,Upgrade
698,2024-12-21 18:54:52,815,8,328,Cleared dust accumulation,Maintenance
798,2024-07-19 13:39:06,1290,5,394,Cleared dust accumulation,Replacement
403,2024-08-19 16:15:41,449,7,347,Upgraded firmware,Replacement
556,2024-10-21 03:28:52,405,2,361,Found worn cable,Maintenance
671,2024-10-30 15:43:28,1026,5,61,Cleared dust accumulation,Inspection
443,2025-01-18 13:38:46,1115,9,196,Minor fix only,Maintenance
626,2024-06-19 12:40:14,338,6,311,Adjusted alignment,Inspection
736,2025-01-22 11:33:16,1040,10,131,Performed routine checkup,Urgent Repair
523,2024-04-16 09:59:05,458,2,48,Detailed inspection completed,Urgent Repair
483,2024-06-25 00:21:30,408,2,39,Cleared dust accumulation,Urgent Repair
490,2024-12-01 18:14:14,256,4,177,Minor fix only,Maintenance
736,2024-08-26 07:22:35,772,2,321,Detailed inspection completed,Replacement
530,2024-11-07 17:37:08,1370,9,262,Found worn cable,Urgent Repair
660,2024-11-18 17:40:33,1250,9,10,Adjusted alignment,Upgrade
484,2024-08-06 21:46:55,707,1,29,Adjusted alignment,Inspection
473,2024-11-11 11:32:32,799,2,377,Minor fix only,Inspection
488,2024-04-11 01:21:07,802,4,188,Minor fix only,Maintenance
436,2024-05-08 23:27:43,1274,5,164,Ordered replacement parts,Inspection
686,2024-06-23 14:08:53,519,7,186,Replaced faulty part,Maintenance
723,2024-05-11 15:43:01,236,8,195,Found worn cable,Replacement
769,2024-12-16 04:23:39,1335,9,175,Cleared dust accumulation,Replacement
640,2024-09-01 03:41:35,651,3,272,Minor fix only,Replacement
766,2024-05-19 21:24:01,151,5,392,Ordered replacement parts,Maintenance
480,2025-02-27 02:15:11,922,7,77,Ordered replacement parts,Replacement
510,2024-09-26 03:27:16,495,10,70,Upgraded firmware,Urgent Repair
558,2024-09-03 11:35:12,609,5,41,Upgraded firmware,Urgent Repair
578,2024-10-19 08:02:11,268,3,17,Minor fix only,Replacement
588,2024-09-13 20:23:24,756,1,251,Minor fix only,Replacement
604,2025-03-09 14:07:04,587,10,312,Replaced faulty part,Maintenance
583,2024-11-28 19:56:42,598,1,197,Detailed inspection completed,Replacement
768,2025-01-08 16:05:31,1198,2,185,Detailed inspection completed,Maintenance
670,2024-07-19 08:23:27,1483,4,123,Adjusted alignment,Maintenance
675,2025-02-27 01:56:04,643,1,210,Replaced faulty part,Upgrade
766,2024-11-19 09:53:04,418,3,287,Minor fix only,Maintenance
524,2025-04-02 14:49:52,654,9,72,Ordered replacement parts,Inspection
635,2024-12-10 21:23:04,524,8,155,Cleared dust accumulation,Maintenance
478,2024-12-17 14:02:24,1063,5,374,Lubricated moving parts,Inspection
732,2024-04-15 21:44:43,867,6,387,Minor fix only,Maintenance
572,2024-09-16 18:12:36,420,3,287,Detailed inspection completed,Replacement
558,2024-09-28 19:33:00,534,5,312,Cleared dust accumulation,Maintenance
613,2024-10-17 13:31:16,466,5,189,Performed routine checkup,Replacement
442,2024-12-22 05:18:24,519,7,186,Adjusted alignment,Replacement
787,2024-10-16 08:22:50,20,8,194,Ordered replacement parts,Urgent Repair
569,2024-12-18 12:27:25,1410,9,224,Lubricated moving parts,Inspection
781,2025-04-01 06:44:25,345,5,299,Detailed inspection completed,Upgrade
748,2024-09-05 12:00:00,416,8,6,Lubricated moving parts,Urgent Repair
551,2025-01-14 02:42:14,710,1,224,Upgraded firmware,Upgrade
562,2025-03-17 06:14:14,655,2,132,Lubricated moving parts,Upgrade
415,2024-10-10 09:42:08,722,2,314,Lubricated moving parts,Replacement
569,2024-10-22 15:34:54,1408,8,92,Lubricated moving parts,Maintenance
667,2024-12-09 14:00:30,566,7,43,Performed routine checkup,Replacement
480,2024-08-10 09:01:02,39,2,397,Minor fix only,Upgrade
758,2024-11-30 02:32:26,828,8,30,Upgraded firmware,Replacement
440,2025-03-18 00:35:02,563,2,188,Upgraded firmware,Maintenance
521,2024-04-28 12:35:16,1101,7,51,Upgraded firmware,Replacement
658,2025-03-29 16:11:22,527,8,378,Cleared dust accumulation,Inspection
777,2024-05-15 23:41:47,1350,7,329,Replaced faulty part,Inspection
435,2024-09-29 17:47:13,1241,7,215,Adjusted alignment,Urgent Repair
609,2024-09-10 09:48:20,67,10,391,Minor fix only,Urgent Repair
654,2024-11-05 01:36:21,345,5,299,Replaced faulty part,Maintenance
512,2024-09-16 11:48:24,1283,9,284,Performed routine checkup,Urgent Repair
698,2024-06-09 21:55:29,728,4,53,Detailed inspection completed,Urgent Repair
546,2024-05-27 22:35:19,403,9,90,Upgraded firmware,Maintenance
565,2024-10-27 14:19:47,848,10,395,Performed routine checkup,Replacement
698,2025-01-01 16:24:54,979,5,295,Minor fix only,Replacement
699,2025-03-27 11:15:17,256,4,177,Found worn cable,Replacement
635,2024-06-24 04:51:18,681,10,321,Adjusted alignment,Maintenance
541,2024-07-13 07:22:47,228,2,134,Detailed inspection completed,Urgent Repair
552,2024-05-02 02:02:12,1293,5,381,Ordered replacement parts,Replacement
647,2024-08-05 22:57:58,446,3,171,Replaced faulty part,Inspection
785,2024-06-22 22:27:55,614,9,156,Performed routine checkup,Replacement
434,2025-03-06 09:40:04,114,7,144,Ordered replacement parts,Urgent Repair
620,2024-10-05 12:58:03,1440,2,108,Lubricated moving parts,Urgent Repair
610,2024-07-18 00:41:24,438,7,278,Replaced faulty part,Urgent Repair
730,2024-06-18 08:27:29,628,3,298,Found worn cable,Maintenance
536,2024-08-27 06:59:58,881,7,12,Minor fix only,Urgent Repair
787,2025-02-17 13:13:37,507,10,355,Replaced faulty part,Inspection
579,2024-08-14 03:45:45,1323,8,193,Minor fix only,Maintenance
625,2024-09-22 06:04:55,1136,9,372,Detailed inspection completed,Replacement
754,2025-02-07 07:12:15,1283,9,284,Minor fix only,Inspection
611,2024-08-29 11:48:18,50,5,288,Found worn cable,Urgent Repair
674,2025-03-15 23:24:55,725,5,148,Found worn cable,Replacement
524,2024-12-24 01:58:26,1236,10,347,Ordered replacement parts,Maintenance
422,2024-07-31 06:27:49,1171,8,229,Upgraded firmware,Upgrade
635,2024-12-11 19:48:05,1054,1,178,Upgraded firmware,Upgrade
652,2024-12-11 15:29:42,696,2,168,Detailed inspection completed,Urgent Repair
578,2024-12-18 19:07:02,1065,8,213,Ordered replacement parts,Inspection
426,2025-03-25 20:33:11,1431,4,149,Adjusted alignment,Urgent Repair
688,2024-04-26 13:42:43,36,10,308,Adjusted alignment,Maintenance
501,2025-01-05 01:53:23,326,7,346,Cleared dust accumulation,Replacement
677,2024-04-09 00:14:05,575,7,213,Cleared dust accumulation,Inspection
424,2025-01-05 02:56:52,293,5,301,Minor fix only,Upgrade
680,2025-03-26 12:50:43,365,6,76,Detailed inspection completed,Urgent Repair
734,2024-06-09 13:11:25,431,7,231,Minor fix only,Upgrade
576,2025-02-12 18:13:58,1417,3,399,Replaced faulty part,Upgrade
498,2025-03-29 14:51:45,1350,7,329,Upgraded firmware,Upgrade
722,2024-08-09 10:08:08,159,3,211,Found worn cable,Urgent Repair
508,2024-06-14 03:17:59,525,8,155,Found worn cable,Replacement
799,2025-01-02 01:01:36,568,2,171,Found worn cable,Maintenance
655,2024-04-28 18:09:10,1348,10,12,Detailed inspection completed,Upgrade
525,2025-01-03 15:26:14,1358,1,156,Ordered replacement parts,Urgent Repair
745,2024-09-11 03:52:07,494,3,206,Adjusted alignment,Replacement
763,2025-02-20 14:51:55,323,8,386,Cleared dust accumulation,Inspection
596,2024-10-26 04:07:19,1037,7,327,Lubricated moving parts,Urgent Repair
655,2024-08-11 15:44:12,377,5,214,Cleared dust accumulation,Maintenance
525,2025-03-09 10:11:48,1185,2,178,Found worn cable,Maintenance
543,2024-06-20 13:30:40,196,5,371,Ordered replacement parts,Upgrade
690,2024-08-30 06:17:42,716,6,350,Lubricated moving parts,Urgent Repair
415,2024-11-30 23:11:47,668,8,271,Minor fix only,Upgrade
491,2025-03-24 09:18:20,1320,8,384,Performed routine checkup,Maintenance
665,2024-04-22 08:10:24,1139,9,189,Cleared dust accumulation,Inspection
591,2024-10-24 14:25:42,467,5,189,Adjusted alignment,Maintenance
611,2024-09-12 13:20:28,285,3,246,Adjusted alignment,Urgent Repair
402,2025-01-27 18:42:45,595,5,124,Found worn cable,Replacement
537,2025-01-22 14:02:51,1187,2,186,Ordered replacement parts,Replacement
536,2024-08-19 13:02:53,242,10,246,Lubricated moving parts,Replacement
782,2024-05-29 11:23:26,458,2,48,Ordered replacement parts,Replacement
485,2024-07-15 01:44:31,1124,5,396,Replaced faulty part,Maintenance
485,2025-01-28 20:09:06,375,5,196,Adjusted alignment,Upgrade
762,2024-09-24 13:57:37,379,8,318,Minor fix only,Inspection
677,2024-09-04 16:16:03,1313,10,255,Detailed inspection completed,Maintenance
722,2025-01-04 05:40:48,177,2,51,Adjusted alignment,Maintenance
776,2024-09-27 05:53:05,766,6,55,Adjusted alignment,Replacement
732,2024-12-22 17:04:43,1242,7,215,Found worn cable,Inspection
548,2025-03-01 09:48:33,1020,1,150,Lubricated moving parts,Urgent Repair
661,2025-02-01 10:56:56,63,10,346,Performed routine checkup,Inspection
705,2025-02-07 01:48:22,1432,4,149,Performed routine checkup,Maintenance
438,2025-01-04 22:01:05,684,4,238,Minor fix only,Maintenance
744,2024-11-21 17:31:38,1243,3,98,Adjusted alignment,Upgrade
690,2024-11-02 05:12:34,90,7,98,Adjusted alignment,Replacement
626,2024-10-14 11:30:55,91,7,98,Found worn cable,Replacement
691,2024-07-06 10:29:27,817,8,328,Lubricated moving parts,Urgent Repair
662,2024-07-31 21:05:39,18,8,194,Ordered replacement parts,Urgent Repair
479,2024-06-17 20:38:34,63,10,346,Replaced faulty part,Replacement
632,2024-04-08 08:52:01,1398,1,249,Minor fix only,Maintenance
436,2024-04-19 03:05:20,500,2,83,Upgraded firmware,Urgent Repair
758,2024-05-24 13:39:14,409,2,39,Found worn cable,Inspection
519,2024-08-14 23:29:33,546,7,198,Minor fix only,Upgrade
401,2024-05-02 10:06:39,1138,9,189,Ordered replacement parts,Inspection
526,2024-10-02 07:01:45,682,10,321,Lubricated moving parts,Replacement
727,2025-03-12 09:56:03,119,1,239,Adjusted alignment,Maintenance
445,2024-08-11 07:30:16,1402,8,358,Upgraded firmware,Upgrade
791,2025-03-01 14:30:45,998,4,320,Ordered replacement parts,Inspection
688,2024-12-17 03:30:19,983,10,100,Ordered replacement parts,Maintenance
739,2024-08-02 23:08:43,1079,4,255,Lubricated moving parts,Urgent Repair
716,2024-11-26 22:05:59,901,5,32,Ordered replacement parts,Replacement
728,2024-06-22 01:35:30,525,8,155,Adjusted alignment,Urgent Repair
484,2024-06-30 18:07:10,881,7,12,Ordered replacement parts,Urgent Repair
635,2024-10-07 00:34:19,265,3,253,Cleared dust accumulation,Inspection
643,2024-09-03 03:36:52,1296,6,240,Upgraded firmware,Replacement
656,2024-11-15 16:13:18,298,10,254,Detailed inspection completed,Maintenance
407,2024-10-05 19:19:37,645,8,297,Upgraded firmware,Maintenance
615,2024-07-20 06:13:45,767,1,203,Found worn cable,Replacement
713,2024-07-05 02:08:15,1111,2,320,Ordered replacement parts,Replacement
468,2025-03-08 00:00:19,1207,10,309,Detailed inspection completed,Urgent Repair
767,2024-08-10 16:46:00,1081,1,70,Cleared dust accumulation,Upgrade
433,2025-02-02 10:22:16,468,5,360,Ordered replacement parts,Urgent Repair
697,2024-04-21 04:24:55,510,6,33,Adjusted alignment,Upgrade
800,2025-03-18 17:29:16,448,7,347,Ordered replacement parts,Replacement
795,2025-03-17 10:43:51,65,5,364,Minor fix only,Replacement
547,2025-02-28 23:09:01,32,3,104,Cleared dust accumulation,Replacement
407,2025-03-12 05:27:00,324,8,386,Upgraded firmware,Upgrade
722,2024-07-11 00:43:01,1098,9,357,Performed routine checkup,Inspection
517,2025-01-07 15:55:25,1171,8,229,Found worn cable,Upgrade
704,2024-06-10 19:31:28,1451,7,336,Found worn cable,Maintenance
708,2024-06-27 08:49:08,777,6,300,Cleared dust accumulation,Urgent Repair
780,2025-01-18 11:37:42,311,5,339,Lubricated moving parts,Urgent Repair
510,2025-01-29 14:37:49,982,10,54,Minor fix only,Maintenance
490,2024-05-30 00:33:37,640,4,259,Minor fix only,Maintenance
484,2024-12-10 12:37:36,628,3,298,Lubricated moving parts,Urgent Repair
741,2025-01-02 18:58:51,224,2,290,Lubricated moving parts,Upgrade
454,2024-08-20 17:33:13,151,5,392,Minor fix only,Inspection
532,2025-03-23 16:29:03,823,6,109,Lubricated moving parts,Maintenance
685,2024-04-27 07:23:54,1294,1,175,Adjusted alignment,Urgent Repair
693,2024-05-15 11:33:07,1294,1,175,Minor fix only,Replacement
717,2024-06-29 03:19:24,419,3,287,Performed routine checkup,Inspection
520,2024-06-08 10:40:59,178,3,61,Ordered replacement parts,Replacement
469,2024-10-23 16:30:56,1466,3,328,Lubricated moving parts,Urgent Repair
406,2024-09-14 01:06:26,559,10,150,Adjusted alignment,Maintenance
529,2025-01-22 03:08:25,153,5,392,Replaced faulty part,Replacement
634,2024-11-11 01:56:05,221,5,224,Ordered replacement parts,Replacement
522,2024-08-20 08:30:56,869,9,48,Upgraded firmware,Maintenance
597,2024-05-18 18:38:45,640,4,259,Detailed inspection completed,Inspection
697,2024-12-18 18:11:23,739,5,100,Detailed inspection completed,Maintenance
540,2024-07-21 22:51:10,964,5,28,Found worn cable,Maintenance
675,2024-11-24 19:30:55,392,8,82,Adjusted alignment,Maintenance
412,2024-04-22 01:49:09,845,3,257,Ordered replacement parts,Replacement
624,2025-03-25 03:22:40,614,9,156,Cleared dust accumulation,Urgent Repair
536,2024-09-11 09:43:24,972,8,72,Ordered replacement parts,Maintenance
495,2025-03-16 21:04:58,756,1,251,Upgraded firmware,Upgrade
452,2024-09-06 13:16:37,635,8,228,Lubricated moving parts,Replacement
636,2024-07-17 22:05:55,359,6,63,Minor fix only,Inspection
492,2024-11-15 23:27:17,1368,4,321,Minor fix only,Urgent Repair
589,2025-01-22 01:46:58,1313,10,255,Lubricated moving parts,Replacement
587,2024-11-20 14:52:03,225,9,306,Replaced faulty part,Maintenance
542,2024-09-04 00:27:33,1005,8,301,Upgraded firmware,Inspection
626,2024-04-14 00:42:12,213,1,289,Minor fix only,Upgrade
789,2025-01-07 10:25:39,1200,2,389,Adjusted alignment,Replacement
743,2024-10-16 15:14:37,1244,3,98,Performed routine checkup,Replacement
635,2024-12-01 01:05:30,1131,8,125,Replaced faulty part,Maintenance
490,2025-04-01 05:18:09,1084,4,237,Upgraded firmware,Upgrade
666,2024-04-13 02:49:23,893,7,258,Ordered replacement parts,Inspection
405,2024-07-19 01:44:45,1133,7,368,Minor fix only,Urgent Repair
402,2024-10-20 16:13:58,424,7,140,Performed routine checkup,Urgent Repair
767,2024-07-19 18:13:14,2,10,214,Detailed inspection completed,Replacement
609,2024-04-30 16:31:05,230,7,316,Found worn cable,Maintenance
747,2024-05-14 21:58:10,410,3,389,Adjusted alignment,Replacement
476,2024-05-11 01:33:38,805,10,240,Found worn cable,Maintenance
682,2024-11-13 10:52:17,1024,5,61,Ordered replacement parts,Urgent Repair
535,2024-04-30 12:14:46,519,7,186,Replaced faulty part,Inspection
486,2024-06-21 03:16:41,141,2,284,Lubricated moving parts,Upgrade
548,2025-03-28 14:13:47,50,5,288,Adjusted alignment,Replacement
425,2024-04-30 22:43:55,878,1,71,Ordered replacement parts,Inspection
719,2024-10-04 06:33:18,610,5,41,Adjusted alignment,Replacement
696,2024-06-09 01:04:58,611,1,228,Ordered replacement parts,Maintenance
448,2025-02-12 16:01:36,1475,8,24,Performed routine checkup,Upgrade
522,2024-09-08 05:44:18,54,2,209,Performed routine checkup,Upgrade
678,2025-02-15 00:16:19,1322,8,193,Cleared dust accumulation,Replacement
404,2024-07-28 10:42:54,209,4,62,Upgraded firmware,Maintenance
453,2024-11-10 22:39:43,1095,6,143,Ordered replacement parts,Urgent Repair
626,2025-03-20 18:14:23,785,5,86,Replaced faulty part,Maintenance
530,2025-02-10 10:04:46,538,9,184,Upgraded firmware,Urgent Repair
719,2024-04-27 11:07:59,765,6,55,Cleared dust accumulation,Urgent Repair
435,2024-07-13 15:12:55,807,7,86,Found worn cable,Urgent Repair
776,2024-06-17 14:57:59,527,8,378,Detailed inspection completed,Inspection
565,2024-09-01 03:42:07,70,2,90,Detailed inspection completed,Inspection
489,2024-10-06 16:37:42,1333,9,175,Cleared dust accumulation,Replacement
593,2025-02-15 18:14:43,258,9,202,Adjusted alignment,Maintenance
478,2024-04-27 23:15:05,219,5,215,Replaced faulty part,Replacement
682,2025-02-12 14:44:05,400,4,93,Cleared dust accumulation,Maintenance
425,2024-09-01 23:27:49,771,2,321,Replaced faulty part,Urgent Repair
753,2024-05-31 19:07:11,152,5,392,Lubricated moving parts,Maintenance
667,2024-10-08 09:34:32,26,3,212,Minor fix only,Upgrade
468,2024-11-15 07:59:25,367,1,14,Performed routine checkup,Upgrade
747,2024-10-14 18:09:33,365,6,76,Cleared dust accumulation,Inspection
549,2025-01-18 20:25:41,8,5,250,Performed routine checkup,Urgent Repair
670,2024-07-03 02:58:31,249,1,152,Cleared dust accumulation,Maintenance
696,2024-04-10 12:57:50,587,10,312,Lubricated moving parts,Maintenance
639,2024-09-12 19:24:03,153,5,392,Detailed inspection completed,Upgrade
683,2025-03-10 16:04:47,495,10,70,Lubricated moving parts,Maintenance
439,2024-09-10 23:52:39,820,10,60,Minor fix only,Upgrade
693,2024-06-08 07:01:00,1117,2,317,Performed routine checkup,Maintenance
781,2024-11-04 22:11:36,496,10,70,Upgraded firmware,Urgent Repair
517,2024-12-27 15:27:15,1372,6,23,Lubricated moving parts,Upgrade
480,2024-05-23 03:09:15,562,7,286,Cleared dust accumulation,Urgent Repair
563,2025-03-20 04:32:58,1088,7,120,Lubricated moving parts,Upgrade
496,2024-10-12 17:31:56,540,10,385,Adjusted alignment,Replacement
462,2024-08-06 00:51:43,670,8,187,Lubricated moving parts,Maintenance
676,2024-12-06 15:20:24,35,10,308,Minor fix only,Urgent Repair
507,2024-11-10 02:37:23,935,5,239,Found worn cable,Maintenance
658,2024-10-06 17:47:57,1216,5,47,Cleared dust accumulation,Replacement
470,2024-05-12 08:00:19,892,7,258,Performed routine checkup,Replacement
450,2024-04-16 12:49:34,1379,7,279,Upgraded firmware,Inspection
646,2024-10-24 17:28:52,265,3,253,Adjusted alignment,Urgent Repair
505,2024-05-23 08:53:28,774,6,129,Found worn cable,Inspection
593,2025-02-23 15:01:53,1208,7,159,Minor fix only,Upgrade
434,2024-09-01 02:38:54,308,6,352,Performed routine checkup,Maintenance
761,2024-10-16 07:10:53,29,1,105,Lubricated moving parts,Upgrade
611,2024-04-24 11:45:03,845,3,257,Ordered replacement parts,Replacement
569,2024-07-01 16:01:39,1123,5,396,Performed routine checkup,Maintenance
616,2024-09-29 20:42:37,499,2,83,Cleared dust accumulation,Maintenance
514,2024-08-10 12:58:08,319,1,332,Ordered replacement parts,Urgent Repair
773,2024-08-12 10:39:40,1059,9,122,Detailed inspection completed,Replacement
675,2024-07-16 23:13:32,741,1,334,Found worn cable,Maintenance
524,2024-08-11 23:28:54,593,3,242,Upgraded firmware,Replacement
442,2024-04-04 13:17:06,601,8,305,Found worn cable,Inspection
687,2024-05-17 10:14:46,1219,7,100,Lubricated moving parts,Inspection
744,2024-08-10 09:39:22,774,6,129,Replaced faulty part,Maintenance
613,2024-12-29 12:29:11,423,7,140,Found worn cable,Replacement
791,2024-08-31 14:21:45,142,5,379,Ordered replacement parts,Upgrade
630,2024-09-08 09:53:23,597,1,197,Minor fix only,Inspection
518,2024-11-07 14:09:56,201,4,49,Detailed inspection completed,Replacement
656,2024-10-23 07:15:26,270,8,324,Lubricated moving parts,Upgrade
411,2024-09-30 12:38:12,249,1,152,Ordered replacement parts,Inspection
782,2024-05-17 23:11:41,1454,6,285,Replaced faulty part,Upgrade
800,2024-04-03 10:07:10,150,1,19,Ordered replacement parts,Maintenance
401,2025-02-08 03:26:28,1342,2,6,Found worn cable,Urgent Repair
608,2024-05-17 08:04:12,1026,5,61,Upgraded firmware,Inspection
416,2024-06-13 11:59:45,658,8,157,Found worn cable,Maintenance
415,2025-03-29 14:32:11,550,8,81,Found worn cable,Inspection
455,2024-06-21 12:15:17,853,2,54,Detailed inspection completed,Inspection
652,2024-12-28 20:28:36,180,4,151,Detailed inspection completed,Urgent Repair
641,2024-07-17 22:33:30,1384,4,262,Replaced faulty part,Inspection
789,2024-11-11 06:47:43,1200,2,389,Ordered replacement parts,Upgrade
583,2024-10-05 06:08:19,468,5,360,Ordered replacement parts,Replacement
691,2024-11-27 07:16:15,128,6,48,Detailed inspection completed,Replacement
507,2024-05-23 18:02:50,311,5,339,Ordered replacement parts,Replacement
571,2024-10-21 08:07:08,701,7,26,Adjusted alignment,Inspection
488,2024-06-26 18:54:27,631,9,240,Detailed inspection completed,Inspection
705,2025-02-15 23:42:12,775,6,129,Detailed inspection completed,Urgent Repair
749,2024-06-25 13:17:11,34,5,263,Upgraded firmware,Maintenance
657,2025-03-26 05:21:30,1144,6,277,Performed routine checkup,Replacement
593,2024-07-29 23:55:08,1303,2,87,Lubricated moving parts,Urgent Repair
569,2024-11-07 22:02:19,216,5,353,Minor fix only,Upgrade
539,2024-10-08 03:52:17,1357,1,156,Minor fix only,Upgrade
533,2024-11-30 15:20:03,397,6,340,Detailed inspection completed,Maintenance
454,2024-07-24 17:47:18,243,10,246,Lubricated moving parts,Replacement
581,2025-02-18 09:46:26,1394,4,279,Replaced faulty part,Upgrade
494,2024-04-06 21:42:24,51,8,64,Detailed inspection completed,Urgent Repair
725,2024-11-04 15:49:29,1389,7,289,Upgraded firmware,Urgent Repair
785,2025-03-29 17:16:23,387,1,45,Detailed inspection completed,Inspection
612,2025-03-13 11:45:40,1330,6,348,Replaced faulty part,Inspection
700,2024-11-05 11:21:16,1022,10,37,Cleared dust accumulation,Upgrade
630,2024-06-17 02:18:38,928,6,203,Found worn cable,Upgrade
575,2024-04-26 14:35:39,48,5,288,Upgraded firmware,Inspection
519,2024-07-14 06:31:07,972,8,72,Replaced faulty part,Urgent Repair
745,2024-08-15 04:01:36,1104,4,234,Performed routine checkup,Maintenance
507,2024-05-29 18:33:45,652,9,72,Detailed inspection completed,Urgent Repair
673,2024-10-02 13:38:16,570,6,163,Minor fix only,Maintenance
561,2024-04-12 07:35:22,962,4,82,Cleared dust accumulation,Replacement
560,2024-07-16 08:42:56,1072,6,272,Cleared dust accumulation,Maintenance
508,2025-03-27 15:37:14,650,3,272,Adjusted alignment,Maintenance
609,2024-10-18 16:45:11,1182,4,99,Lubricated moving parts,Urgent Repair
712,2025-02-22 05:34:12,317,3,42,Found worn cable,Urgent Repair
542,2025-01-25 23:19:23,865,8,283,Cleared dust accumulation,Inspection
692,2024-04-23 15:44:18,877,1,71,Cleared dust accumulation,Replacement
423,2024-09-13 03:09:47,938,7,64,Lubricated moving parts,Urgent Repair
475,2024-11-28 23:38:42,114,7,144,Ordered replacement parts,Urgent Repair
789,2025-01-16 03:37:11,1209,7,159,Detailed inspection completed,Maintenance
567,2024-07-25 04:02:26,191,8,169,Lubricated moving parts,Upgrade
588,2024-09-18 08:59:59,138,2,32,Performed routine checkup,Urgent Repair
595,2025-03-03 05:00:01,1024,5,61,Ordered replacement parts,Replacement
627,2024-06-09 05:22:05,1154,2,101,Performed routine checkup,Replacement
653,2024-06-21 17:08:53,962,4,82,Found worn cable,Replacement
721,2024-05-20 11:27:27,1001,3,238,Detailed inspection completed,Maintenance
402,2024-05-13 00:47:52,29,1,105,Found worn cable,Upgrade
513,2025-01-19 19:38:49,128,6,48,Adjusted alignment,Upgrade
659,2025-01-26 01:04:11,295,5,328,Performed routine checkup,Maintenance
502,2024-11-11 06:23:43,319,1,332,Upgraded firmware,Inspection
604,2025-03-09 05:47:03,424,7,140,Upgraded firmware,Maintenance
627,2024-09-22 16:36:26,1460,9,77,Minor fix only,Upgrade
539,2024-10-15 19:13:56,144,5,379,Minor fix only,Urgent Repair
423,2024-11-28 06:17:54,1251,6,373,Upgraded firmware,Upgrade
500,2024-06-29 18:33:17,624,8,102,Minor fix only,Inspection
557,2024-05-11 10:17:24,710,1,224,Performed routine checkup,Urgent Repair
699,2025-02-28 07:34:21,1188,2,186,Found worn cable,Urgent Repair
463,2024-05-15 03:40:37,1441,7,52,Detailed inspection completed,Inspection
713,2025-03-20 19:19:09,637,9,66,Found worn cable,Inspection
632,2024-08-21 12:54:29,597,1,197,Ordered replacement parts,Replacement
594,2024-09-16 15:59:08,1482,4,123,Found worn cable,Replacement
555,2024-09-17 09:43:52,1432,4,149,Found worn cable,Upgrade
534,2024-10-30 00:59:38,294,5,301,Found worn cable,Maintenance
581,2025-03-27 05:27:08,1474,8,24,Minor fix only,Replacement
671,2025-02-14 02:32:52,1249,9,10,Performed routine checkup,Replacement
566,2024-11-18 06:47:08,295,5,328,Replaced faulty part,Upgrade
555,2024-07-08 09:23:28,1159,4,135,Lubricated moving parts,Replacement
545,2025-03-05 17:23:46,983,10,100,Detailed inspection completed,Maintenance
684,2024-10-29 03:32:44,1398,1,249,Lubricated moving parts,Replacement
781,2025-03-02 13:33:38,1483,4,123,Lubricated moving parts,Maintenance
695,2024-09-04 16:30:58,1158,4,135,Ordered replacement parts,Replacement
675,2024-07-14 08:11:16,816,8,328,Ordered replacement parts,Inspection
666,2024-05-23 03:06:14,960,7,351,Cleared dust accumulation,Replacement
630,2025-02-05 11:38:28,298,10,254,Minor fix only,Upgrade
584,2024-09-06 05:44:35,959,7,351,Minor fix only,Maintenance
498,2024-09-24 19:18:17,259,9,202,Found worn cable,Upgrade
739,2024-10-14 03:38:39,410,3,389,Lubricated moving parts,Upgrade
564,2024-04-19 02:35:00,31,3,104,Cleared dust accumulation,Replacement
541,2024-12-24 19:34:10,985,10,100,Replaced faulty part,Replacement
642,2024-09-05 12:59:12,312,5,339,Found worn cable,Replacement
448,2024-11-17 15:11:57,502,10,16,Performed routine checkup,Upgrade
788,2024-10-31 12:22:16,973,8,72,Upgraded firmware,Inspection
404,2024-05-09 11:24:55,266,3,253,Ordered replacement parts,Inspection
796,2025-02-21 09:16:10,1377,1,256,Detailed inspection completed,Urgent Repair
479,2024-07-17 19:34:33,522,8,97,Adjusted alignment,Urgent Repair
483,2025-01-20 00:42:08,412,3,389,Ordered replacement parts,Inspection
719,2025-03-27 01:11:02,328,5,279,Performed routine checkup,Maintenance
535,2024-12-20 03:09:52,1186,2,178,Detailed inspection completed,Inspection
525,2024-07-13 02:55:11,21,3,67,Upgraded firmware,Upgrade
427,2024-11-06 09:08:52,111,6,397,Minor fix only,Inspection
510,2025-02-10 23:24:20,254,7,165,Replaced faulty part,Replacement
575,2024-05-25 07:18:32,1159,4,135,Upgraded firmware,Replacement
417,2024-10-28 20:55:46,1188,2,186,Adjusted alignment,Maintenance
693,2024-04-13 12:50:44,1457,2,216,Cleared dust accumulation,Inspection
438,2025-02-06 03:36:15,465,6,208,Replaced faulty part,Inspection
533,2024-10-15 17:44:06,1053,1,178,Replaced faulty part,Replacement
426,2024-11-19 00:24:06,1259,3,354,Cleared dust accumulation,Urgent Repair
733,2025-01-16 19:09:46,683,10,321,Detailed inspection completed,Upgrade
599,2024-12-07 08:34:43,1169,1,264,Replaced faulty part,Inspection
457,2025-01-02 04:49:20,871,6,115,Ordered replacement parts,Urgent Repair
702,2024-11-17 17:47:44,241,5,15,Found worn cable,Replacement
715,2024-09-23 00:06:54,690,7,216,Performed routine checkup,Maintenance
550,2024-08-09 10:56:23,640,4,259,Ordered replacement parts,Upgrade
525,2024-07-07 10:32:45,476,4,163,Found worn cable,Upgrade
712,2024-05-09 02:47:55,1453,2,159,Ordered replacement parts,Upgrade
779,2024-08-21 17:06:42,1080,1,70,Minor fix only,Replacement
636,2024-08-14 19:48:54,272,2,244,Replaced faulty part,Replacement
604,2024-10-17 13:19:36,120,1,239,Found worn cable,Maintenance
409,2024-09-14 18:26:52,674,2,232,Upgraded firmware,Urgent Repair
591,2024-12-02 20:24:49,1320,8,384,Detailed inspection completed,Urgent Repair
733,2024-04-20 22:21:09,930,6,203,Detailed inspection completed,Urgent Repair
748,2024-08-14 01:07:49,1340,8,398,Ordered replacement parts,Inspection
478,2024-04-07 11:03:20,224,2,290,Ordered replacement parts,Upgrade
474,2024-08-29 01:35:05,1051,3,379,Adjusted alignment,Urgent Repair
677,2024-09-23 11:55:34,227,2,134,Lubricated moving parts,Inspection
472,2025-02-06 07:01:27,248,1,152,Found worn cable,Inspection
675,2024-12-16 12:44:10,1309,1,262,Minor fix only,Urgent Repair
710,2024-06-06 06:23:55,109,1,33,Performed routine checkup,Maintenance
702,2024-12-31 04:34:14,703,7,376,Upgraded firmware,Inspection
751,2025-01-30 22:37:21,563,2,188,Replaced faulty part,Inspection
491,2024-06-20 01:08:35,1212,7,282,Adjusted alignment,Replacement
